id,title_hint,angle,target_reader,keywords,must_include,priority,status,scheduled_date
hb-001,근감소증을 막기 위한 60대 이후 단백질 전략,근육 유지와 노년기 삶의 질 관점에서 설명,50대 이상,"근감소증,단백질,노년건강","핵심 요약 5개, 실천 팁, 과장 표현 금지",1,drafted,
hb-002,50대 이후 근육이 급격히 줄어드는 이유,근육 감소 원인과 예방 관점에서 설명,50대 이상,"근감소,노화,근육량","생활 습관 팁, 주의사항, 쉬운 예시 포함",2,drafted,
hb-003,매일 30분 걷기의 놀라운 효과,일상 속 걷기 습관의 건강 효과 중심,일반 성인,"걷기,유산소,건강습관","핵심 요약 5개, 실천 루틴, 과학적 톤 유지",3,drafted,
hb-004,계단 오르기가 최고의 장수 운동인 이유,일상 속 계단 활용과 장수 연구 관점,중장년층,"계단운동,장수,하체근력","주당 권장 습관, 실천 팁, 주의 표현 포함",4,drafted,
hb-005,노년층에게 좋은 근력운동 TOP5,노년기 안전하고 효과적인 근력운동 소개,60대 이상,"근력운동,노년운동,근육","핵심 요약 5개, 실천 팁, 과장 표현 금지",5,drafted,
hb-006,무릎이 아픈 사람을 위한 운동법,무릎 보호와 통증 최소화 운동 관점,50대 이상,"무릎통증,저충격운동,관절","생활 습관 팁, 주의사항, 쉬운 예시 포함",6,drafted,
hb-007,하루 만보 걷기의 실제 건강 효과,만보 걷기 과학적 근거와 실제 효과 분석,일반 성인,"만보걷기,칼로리,심혈관","핵심 요약 5개, 실천 루틴, 과학적 톤 유지",7,pending,
hb-008,아침 운동과 저녁 운동 무엇이 좋을까,운동 시간대별 효과 비교 관점,일반 성인,"아침운동,저녁운동,운동시간","주당 권장 습관, 실천 팁, 주의 표현 포함",8,pending,
hb-009,노년기 낙상 예방 운동,균형감각과 낙상 예방 중심 운동 소개,60대 이상,"낙상예방,균형감각,노년운동","핵심 요약 5개, 실천 팁, 과장 표현 금지",9,pending,
hb-010,집에서 하는 스쿼트 운동 방법,집 안에서 안전하게 하는 하체 운동 안내,50대 이상,"스쿼트,하체운동,홈트레이닝","생활 습관 팁, 주의사항, 쉬운 예시 포함",10,pending,
hb-011,허리 통증 예방을 위한 코어 운동,코어 근육 강화와 허리 보호 관점,중장년층,"코어운동,허리통증,척추","핵심 요약 5개, 실천 루틴, 과학적 톤 유지",11,pending,
hb-012,고령자를 위한 스트레칭 루틴,유연성과 근육 이완 중심 스트레칭 소개,60대 이상,"스트레칭,유연성,고령자운동","주당 권장 습관, 실천 팁, 주의 표현 포함",12,pending,
hb-013,근육을 늘리는 단백질 섭취 타이밍,운동 후 단백질 흡수 최적화 관점,50대 이상,"단백질,근육합성,섭취타이밍","핵심 요약 5개, 실천 팁, 과장 표현 금지",13,pending,
hb-014,노년층 근력운동 주 3회 효과,주 3회 근력운동의 과학적 효과 분석,60대 이상,"근력운동,주3회,근육유지","생활 습관 팁, 주의사항, 쉬운 예시 포함",14,pending,
hb-015,70세 이후에도 근육이 늘어나는가,고령에서도 근육 성장 가능성 과학적 고찰,60대 이상,"고령근육,근육성장,노년운동","핵심 요약 5개, 실천 루틴, 과학적 톤 유지",15,pending,
hb-016,걷기 속도와 수명 관계,보행 속도를 건강 지표로 보는 관점,중장년층,"보행속도,수명,건강지표","주당 권장 습관, 실천 팁, 주의 표현 포함",16,pending,
hb-017,근육량과 치매 예방의 관계,근육과 뇌 건강의 연결고리 관점,50대 이상,"근육량,치매예방,뇌건강","핵심 요약 5개, 실천 팁, 과장 표현 금지",17,pending,
hb-018,노년기 운동이 면역력에 미치는 영향,운동과 면역 시스템 강화 관점,60대 이상,"면역력,노년운동,건강관리","생활 습관 팁, 주의사항, 쉬운 예시 포함",18,pending,
hb-019,노년기 자전거 운동의 장점,저충격 유산소 운동으로서 자전거 효과,60대 이상,"자전거,유산소,관절보호","핵심 요약 5개, 실천 루틴, 과학적 톤 유지",19,pending,
hb-020,노년층 요가의 건강 효과,유연성·균형·정신 건강 통합 관점,60대 이상,"요가,유연성,정신건강","주당 권장 습관, 실천 팁, 주의 표현 포함",20,pending,
hb-021,아침 산책이 좋은 이유,아침 햇빛과 신체 리듬 회복 관점,일반 성인,"아침산책,햇빛,생체리듬","핵심 요약 5개, 실천 팁, 과장 표현 금지",21,pending,
hb-022,운동을 안 하면 몸에서 생기는 변화,신체 활동 부족이 유발하는 문제 중심,일반 성인,"운동부족,근감소,대사저하","생활 습관 팁, 주의사항, 쉬운 예시 포함",22,pending,
hb-023,오래 앉아 있는 습관의 위험성,좌식 생활이 건강에 미치는 영향 분석,일반 성인,"좌식생활,혈액순환,대사질환","핵심 요약 5개, 실천 루틴, 과학적 톤 유지",23,pending,
hb-024,허벅지 근육이 장수와 관련된 이유,하체 근력과 수명의 과학적 연결 관점,50대 이상,"허벅지근육,장수,하체근력","주당 권장 습관, 실천 팁, 주의 표현 포함",24,pending,
hb-025,팔 근육과 노화 속도의 관계,상체 근력과 노화 지표의 연관성 관점,중장년층,"팔근육,노화속도,근력","핵심 요약 5개, 실천 팁, 과장 표현 금지",25,pending,
hb-026,운동이 혈압에 미치는 영향,유산소 운동과 혈압 조절 과학적 근거,50대 이상,"혈압,유산소운동,심혈관","생활 습관 팁, 주의사항, 쉬운 예시 포함",26,pending,
hb-027,운동과 혈당 조절 관계,운동이 인슐린 감수성에 미치는 영향,일반 성인,"혈당조절,인슐린,운동효과","핵심 요약 5개, 실천 루틴, 과학적 톤 유지",27,pending,
hb-028,운동이 우울증 예방에 도움이 되는 이유,신체 활동과 정신 건강의 연결 관점,일반 성인,"우울증,운동,정신건강","주당 권장 습관, 실천 팁, 주의 표현 포함",28,pending,
hb-029,운동이 뇌 건강에 미치는 영향,유산소 운동과 뇌 신경 가소성 관점,40대 이상,"뇌건강,유산소,신경가소성","핵심 요약 5개, 실천 팁, 과장 표현 금지",29,pending,
hb-030,하루 10분 운동의 효과,짧은 운동도 효과 있다는 과학적 근거,일반 성인,"단시간운동,건강습관,효율","생활 습관 팁, 주의사항, 쉬운 예시 포함",30,pending,
hb-031,50대 이후 근력 운동 필수 이유,중년 이후 근육 보존의 중요성 관점,50대 이상,"근력운동,50대,근육보존","핵심 요약 5개, 실천 루틴, 과학적 톤 유지",31,pending,
hb-032,노년기 유산소 운동 가이드,안전하고 효과적인 유산소 운동 안내,60대 이상,"유산소운동,노년기,심폐기능","주당 권장 습관, 실천 팁, 주의 표현 포함",32,pending,
hb-033,운동 후 단백질 섭취 이유,근육 회복과 단백질 합성 타이밍 관점,50대 이상,"운동후단백질,근육회복,아미노산","핵심 요약 5개, 실천 팁, 과장 표현 금지",33,pending,
hb-034,노년기 체력 유지 비결,체력 저하 막는 생활 습관 종합 관점,60대 이상,"체력유지,노년기,생활습관","생활 습관 팁, 주의사항, 쉬운 예시 포함",34,pending,
hb-035,걷기 운동의 올바른 자세,부상 없이 걷기 효과 극대화하는 자세,일반 성인,"걷기자세,부상예방,보행","핵심 요약 5개, 실천 루틴, 과학적 톤 유지",35,pending,
hb-036,운동할 때 무릎 보호 방법,운동 중 무릎 관절 보호 실천 가이드,50대 이상,"무릎보호,관절,운동안전","주당 권장 습관, 실천 팁, 주의 표현 포함",36,pending,
hb-037,근육이 건강을 좌우하는 이유,근육을 건강의 중심 기관으로 보는 관점,일반 성인,"근육건강,대사,면역력","핵심 요약 5개, 실천 팁, 과장 표현 금지",37,pending,
hb-038,노년기 운동 계획 세우는 방법,개인 맞춤형 운동 계획 수립 가이드,60대 이상,"운동계획,노년기,습관형성","생활 습관 팁, 주의사항, 쉬운 예시 포함",38,pending,
hb-039,운동을 꾸준히 하는 사람의 특징,장기 운동 지속자의 습관과 사고방식,일반 성인,"운동습관,꾸준함,동기부여","핵심 요약 5개, 실천 루틴, 과학적 톤 유지",39,pending,
hb-040,하루 활동량 늘리는 방법,일상 속 신체 활동량 증가 실천법,일반 성인,"활동량,일상운동,칼로리소비","주당 권장 습관, 실천 팁, 주의 표현 포함",40,pending,
hb-041,근육량 감소 신호,근감소증 초기 신호와 자가 진단 관점,50대 이상,"근감소신호,자가진단,근육량","핵심 요약 5개, 실천 팁, 과장 표현 금지",41,pending,
hb-042,근육이 줄면 생기는 문제,근감소가 전신 건강에 미치는 영향,50대 이상,"근감소,건강문제,대사저하","생활 습관 팁, 주의사항, 쉬운 예시 포함",42,pending,
hb-043,운동과 체중 관리,신체 활동과 체중 조절의 과학적 관계,일반 성인,"체중관리,운동,칼로리","핵심 요약 5개, 실천 루틴, 과학적 톤 유지",43,pending,
hb-044,운동이 혈관 건강에 미치는 영향,혈관 탄력성과 운동의 연관성 관점,중장년층,"혈관건강,탄력성,유산소","주당 권장 습관, 실천 팁, 주의 표현 포함",44,pending,
hb-045,운동과 수면의 관계,규칙적 운동이 수면 질에 미치는 영향,일반 성인,"운동,수면질,숙면","핵심 요약 5개, 실천 팁, 과장 표현 금지",45,pending,
hb-046,근육 건강을 위한 식단,근육 유지와 성장을 돕는 식품 선택,50대 이상,"근육식단,단백질,영양균형","생활 습관 팁, 주의사항, 쉬운 예시 포함",46,pending,
hb-047,노년층 운동 시작 방법,운동 초보 노년층을 위한 단계적 입문,60대 이상,"운동시작,노년기,안전운동","핵심 요약 5개, 실천 루틴, 과학적 톤 유지",47,pending,
hb-048,운동을 포기하지 않는 방법,운동 지속 동기 부여와 실천 전략,일반 성인,"동기부여,운동지속,습관","주당 권장 습관, 실천 팁, 주의 표현 포함",48,pending,
hb-049,평생 운동 습관 만드는 방법,지속 가능한 평생 운동 체계 구축 관점,일반 성인,"평생운동,습관형성,건강관리","핵심 요약 5개, 실천 팁, 과장 표현 금지",49,pending,
hb-050,장수하는 사람들의 운동 습관,장수인들의 신체 활동 패턴 분석,중장년층,"장수,운동습관,신체활동","생활 습관 팁, 주의사항, 쉬운 예시 포함",50,pending,
hb-051,혈당 스파이크를 줄이는 아침 식사 습관,혈당 관리와 포만감 유지 중심으로 설명,일반 성인,"혈당,아침식사,식이섬유","핵심 요약 5개, 실천 루틴, 과학적 톤 유지",51,pending,
hb-052,건강한 아침 식사의 기준,영양 균형과 에너지 공급 관점에서 설명,일반 성인,"아침식사,영양균형,에너지","주당 권장 습관, 실천 팁, 주의 표현 포함",52,pending,
hb-053,장수하는 사람들의 식습관,장수인들의 공통 식이 패턴 분석,중장년층,"장수식습관,식단,건강식","핵심 요약 5개, 실천 팁, 과장 표현 금지",53,pending,
hb-054,노년기 단백질 섭취 방법,고령자 단백질 필요량과 섭취 전략,60대 이상,"단백질섭취,노년기,근육유지","생활 습관 팁, 주의사항, 쉬운 예시 포함",54,pending,
hb-055,오메가3는 누구에게 도움이 될까,오메가3 효과와 대상별 필요성 관점,50대 이상,"오메가3,심혈관,염증","근거 중심 설명, 복용 주의점 포함",55,pending,
hb-056,장 건강에 좋은 음식,장내 마이크로바이옴 개선 식품 중심,일반 성인,"장건강,프로바이오틱스,식이섬유","핵심 요약 5개, 주의사항, 식단 예시 포함",56,pending,
hb-057,혈압 낮추는 음식,식이 요인과 혈압 조절의 관점,50대 이상,"혈압,DASH식단,칼륨","식품 예시, 과장 광고 경계, 실천 팁 포함",57,pending,
hb-058,콜레스테롤 낮추는 식단,LDL 콜레스테롤 개선 식이 전략,중장년층,"콜레스테롤,식단,심혈관","핵심 요약 5개, 상담 권장 문구 포함",58,pending,
hb-059,노년기 필수 영양소,고령자가 챙겨야 할 핵심 영양소 안내,60대 이상,"노년영양소,비타민,미네랄","핵심 요약 5개, 실천 팁, 과장 표현 금지",59,pending,
hb-060,하루 물 섭취량 기준,수분 섭취의 중요성과 적정 기준 설명,일반 성인,"수분섭취,하루물,건강습관","생활 습관 팁, 주의사항, 쉬운 예시 포함",60,pending,
hb-061,비타민D 부족 증상,비타민D 결핍과 건강 영향 중심 분석,50대 이상,"비타민D,결핍증상,뼈건강","핵심 요약 5개, 실천 루틴, 과학적 톤 유지",61,pending,
hb-062,칼슘 섭취 방법,칼슘 흡수를 높이는 섭취 전략 소개,50대 이상,"칼슘,뼈건강,골다공증","주당 권장 습관, 실천 팁, 주의 표현 포함",62,pending,
hb-063,마그네슘의 역할,마그네슘이 신체 기능에 미치는 영향,일반 성인,"마그네슘,근육,신경기능","핵심 요약 5개, 실천 팁, 과장 표현 금지",63,pending,
hb-064,장수 식단의 특징,장수 연구에서 밝혀진 공통 식이 패턴,중장년층,"장수식단,식이패턴,건강식","생활 습관 팁, 주의사항, 쉬운 예시 포함",64,pending,
hb-065,지중해 식단이 건강한 이유,지중해 식단의 과학적 건강 효과 분석,일반 성인,"지중해식단,올리브오일,항산화","핵심 요약 5개, 실천 루틴, 과학적 톤 유지",65,pending,
hb-066,항산화 식단이 중요한 이유,산화 스트레스와 항산화 식품의 관계,40대 이상,"항산화,자유라디칼,노화방지","주당 권장 습관, 실천 팁, 주의 표현 포함",66,pending,
hb-067,블루베리가 건강에 좋은 이유,블루베리의 항산화·인지 기능 효과 분석,일반 성인,"블루베리,항산화,인지기능","핵심 요약 5개, 실천 팁, 과장 표현 금지",67,pending,
hb-068,견과류의 건강 효과,견과류의 심혈관·뇌 건강 과학적 근거,일반 성인,"견과류,불포화지방,심혈관","생활 습관 팁, 주의사항, 쉬운 예시 포함",68,pending,
hb-069,계란 하루 몇 개 먹어도 될까,콜레스테롤 논쟁과 계란 섭취 적정량,일반 성인,"계란,콜레스테롤,단백질","핵심 요약 5개, 실천 루틴, 과학적 톤 유지",69,pending,
hb-070,노년기 단백질 식단,고령자를 위한 고단백 식사 구성 예시,60대 이상,"단백질식단,노년기,근육유지","주당 권장 습관, 실천 팁, 주의 표현 포함",70,pending,
hb-071,채소 섭취가 중요한 이유,채소의 영양소와 만성질환 예방 관점,일반 성인,"채소섭취,식이섬유,항산화","핵심 요약 5개, 실천 팁, 과장 표현 금지",71,pending,
hb-072,과일 섭취 방법,과일의 영양과 당분 균형 잡기 전략,일반 성인,"과일섭취,비타민,당분","생활 습관 팁, 주의사항, 쉬운 예시 포함",72,pending,
hb-073,당분 섭취 줄이는 방법,숨겨진 당분을 피하는 실천 전략,일반 성인,"당분,설탕,혈당관리","핵심 요약 5개, 실천 루틴, 과학적 톤 유지",73,pending,
hb-074,건강한 간식 선택법,혈당 급등 없는 건강 간식 선택 기준,일반 성인,"건강간식,혈당,포만감","주당 권장 습관, 실천 팁, 주의 표현 포함",74,pending,
hb-075,노년기 영양 결핍,고령자에게 흔한 영양 결핍과 예방법,60대 이상,"영양결핍,노년기,미량원소","핵심 요약 5개, 실천 팁, 과장 표현 금지",75,pending,
hb-076,건강한 점심 식사 구성,균형 잡힌 점심 식사의 영양 구성 안내,일반 성인,"점심식사,영양균형,탄단지","생활 습관 팁, 주의사항, 쉬운 예시 포함",76,pending,
hb-077,저녁 식사 가볍게 먹어야 하는 이유,야간 소화와 체중 관리의 관점,일반 성인,"저녁식사,소화,체중관리","핵심 요약 5개, 실천 루틴, 과학적 톤 유지",77,pending,
hb-078,식사 시간 규칙의 중요성,규칙적인 식사 패턴과 생체 리듬의 관계,일반 성인,"식사시간,생체리듬,규칙식사","주당 권장 습관, 실천 팁, 주의 표현 포함",78,pending,
hb-079,장수하는 사람들의 아침 식단,장수인 아침 식이 패턴 분석과 적용,중장년층,"아침식단,장수,영양","핵심 요약 5개, 실천 팁, 과장 표현 금지",79,pending,
hb-080,장 건강에 좋은 발효 음식,발효 식품의 장내 환경 개선 효과 분석,일반 성인,"발효음식,장건강,유산균","생활 습관 팁, 주의사항, 쉬운 예시 포함",80,pending,
hb-081,요구르트의 건강 효과,프로바이오틱스와 장·면역 건강 관점,일반 성인,"요구르트,프로바이오틱스,면역","핵심 요약 5개, 실천 루틴, 과학적 톤 유지",81,pending,
hb-082,김치의 건강 효과,김치의 발효 성분과 건강 효과 분석,일반 성인,"김치,발효,장건강","주당 권장 습관, 실천 팁, 주의 표현 포함",82,pending,
hb-083,식이섬유가 중요한 이유,식이섬유의 소화·혈당·장 건강 기여 관점,일반 성인,"식이섬유,장건강,혈당","핵심 요약 5개, 실천 팁, 과장 표현 금지",83,pending,
hb-084,식단과 면역력 관계,영양 섭취가 면역 기능에 미치는 영향,일반 성인,"면역력,식단,영양소","생활 습관 팁, 주의사항, 쉬운 예시 포함",84,pending,
hb-085,건강한 체중 관리 식단,지속 가능한 체중 관리를 위한 식이 전략,중장년층,"체중관리,칼로리,식단","핵심 요약 5개, 실천 루틴, 과학적 톤 유지",85,pending,
hb-086,혈당 관리 식단,혈당 안정화를 위한 식이 구성 가이드,50대 이상,"혈당관리,저혈당식,식이섬유","주당 권장 습관, 실천 팁, 주의 표현 포함",86,pending,
hb-087,당뇨 예방 식단,당뇨 예방을 위한 식이 습관 전략,50대 이상,"당뇨예방,혈당,식단","핵심 요약 5개, 실천 팁, 과장 표현 금지",87,pending,
hb-088,노년기 다이어트 방법,근육 손실 없는 노년기 체중 조절법,60대 이상,"노년다이어트,근육보존,체중","생활 습관 팁, 주의사항, 쉬운 예시 포함",88,pending,
hb-089,간 건강에 좋은 음식,간 기능 개선을 돕는 식품과 식이 습관,일반 성인,"간건강,해독,식이습관","핵심 요약 5개, 실천 루틴, 과학적 톤 유지",89,pending,
hb-090,심장 건강 음식,심장 보호에 도움이 되는 식품 중심 설명,중장년층,"심장건강,오메가3,항산화","주당 권장 습관, 실천 팁, 주의 표현 포함",90,pending,
hb-091,뇌 건강 음식,인지 기능 유지를 돕는 식품과 영양소,40대 이상,"뇌건강,인지기능,DHA","핵심 요약 5개, 실천 팁, 과장 표현 금지",91,pending,
hb-092,기억력에 좋은 음식,기억력 유지에 도움이 되는 식이 전략,40대 이상,"기억력,식품,뇌영양","생활 습관 팁, 주의사항, 쉬운 예시 포함",92,pending,
hb-093,노화 방지 식단,산화 스트레스 줄이는 항노화 식이 전략,50대 이상,"노화방지,항산화,식단","핵심 요약 5개, 실천 루틴, 과학적 톤 유지",93,pending,
hb-094,항산화 음식 TOP10,산화 스트레스 예방 효과 높은 식품 순위,일반 성인,"항산화,폴리페놀,슈퍼푸드","주당 권장 습관, 실천 팁, 주의 표현 포함",94,pending,
hb-095,장수 식단 사례,실제 장수 지역의 식이 사례 분석,중장년층,"장수식단,사례,블루존","핵심 요약 5개, 실천 팁, 과장 표현 금지",95,pending,
hb-096,건강한 식사 순서,식사 순서가 혈당·포만감에 미치는 영향,일반 성인,"식사순서,혈당,포만감","생활 습관 팁, 주의사항, 쉬운 예시 포함",96,pending,
hb-097,천천히 먹어야 하는 이유,식사 속도와 포만 호르몬의 관계 분석,일반 성인,"천천히먹기,포만감,소화","핵심 요약 5개, 실천 루틴, 과학적 톤 유지",97,pending,
hb-098,폭식이 건강에 미치는 영향,과식과 폭식이 신체에 유발하는 문제,일반 성인,"폭식,과식,혈당스파이크","주당 권장 습관, 실천 팁, 주의 표현 포함",98,pending,
hb-099,음식과 염증 관계,식이 패턴이 만성 염증에 미치는 영향,일반 성인,"염증식품,항염식단,만성염증","핵심 요약 5개, 실천 팁, 과장 표현 금지",99,pending,
hb-100,장 건강 식단 예시,장내 환경 개선을 위한 실제 식단 구성,일반 성인,"장건강식단,프리바이오틱스,식단예시","생활 습관 팁, 주의사항, 쉬운 예시 포함",100,pending,
hb-101,아침 공복 물의 효과,기상 후 물 한 잔의 신체적 효과 분석,일반 성인,"공복물,수분보충,대사활성","핵심 요약 5개, 실천 루틴, 과학적 톤 유지",101,pending,
hb-102,커피의 건강 효과,카페인과 커피 성분의 건강 영향 분석,일반 성인,"커피,카페인,항산화","주당 권장 습관, 실천 팁, 주의 표현 포함",102,pending,
hb-103,녹차 건강 효과,카테킨과 녹차 성분의 건강 효과 중심,일반 성인,"녹차,카테킨,항산화","핵심 요약 5개, 실천 팁, 과장 표현 금지",103,pending,
hb-104,건강한 지방 섭취,불포화지방산의 건강 효과와 섭취 전략,일반 성인,"건강한지방,불포화지방,오메가3","생활 습관 팁, 주의사항, 쉬운 예시 포함",104,pending,
hb-105,포화지방과 건강,포화지방 과잉 섭취의 건강 위험 분석,일반 성인,"포화지방,심혈관,콜레스테롤","핵심 요약 5개, 실천 루틴, 과학적 톤 유지",105,pending,
hb-106,오메가6와 건강,오메가6·오메가3 비율과 염증의 관계,일반 성인,"오메가6,염증,지방산비율","주당 권장 습관, 실천 팁, 주의 표현 포함",106,pending,
hb-107,단백질 부족 증상,단백질 섭취 부족이 몸에 미치는 영향,50대 이상,"단백질부족,근육감소,면역","핵심 요약 5개, 실천 팁, 과장 표현 금지",107,pending,
hb-108,비타민B군 중요성,비타민B 복합체의 에너지·신경 기능 역할,일반 성인,"비타민B,에너지대사,신경건강","생활 습관 팁, 주의사항, 쉬운 예시 포함",108,pending,
hb-109,노년기 영양 관리,고령자 영양 섭취 전략과 식단 관리,60대 이상,"노년영양,영양관리,균형식단","핵심 요약 5개, 실천 루틴, 과학적 톤 유지",109,pending,
hb-110,장수 식습관 사례,실제 장수인들의 식이 습관 사례 소개,중장년층,"장수식습관,사례,식이패턴","주당 권장 습관, 실천 팁, 주의 표현 포함",110,pending,
hb-111,하루 3끼 중요성,규칙적인 3끼 식사의 신체 리듬 효과,일반 성인,"하루3끼,규칙식사,혈당","핵심 요약 5개, 실천 팁, 과장 표현 금지",111,pending,
hb-112,건강한 식사 비율,탄단지 비율과 최적 영양 균형 관점,일반 성인,"탄단지비율,영양균형,식사","생활 습관 팁, 주의사항, 쉬운 예시 포함",112,pending,
hb-113,영양 균형 맞추는 방법,일상에서 영양 균형 잡는 실천 전략,일반 성인,"영양균형,균형식단,식이관리","핵심 요약 5개, 실천 루틴, 과학적 톤 유지",113,pending,
hb-114,건강한 요리 방법,영양 손실 줄이는 조리법과 식재료 활용,일반 성인,"건강요리,조리법,영양보존","주당 권장 습관, 실천 팁, 주의 표현 포함",114,pending,
hb-115,튀김 음식 건강 영향,트랜스지방과 고온 조리의 건강 위험,일반 성인,"튀김,트랜스지방,심혈관","핵심 요약 5개, 실천 팁, 과장 표현 금지",115,pending,
hb-116,가공식품 줄이는 방법,초가공식품 섭취 줄이는 실천 전략,일반 성인,"가공식품,첨가물,건강식","생활 습관 팁, 주의사항, 쉬운 예시 포함",116,pending,
hb-117,건강한 외식 방법,외식 상황에서 건강한 선택하는 전략,일반 성인,"외식,건강선택,식이습관","핵심 요약 5개, 실천 루틴, 과학적 톤 유지",117,pending,
hb-118,노년기 영양제 필요성,고령자의 영양제 보충 필요성과 기준,60대 이상,"영양제,노년기,보충제","근거 중심 설명, 복용 주의점 포함",118,pending,
hb-119,영양제 선택 방법,영양제 성분·함량·품질 선택 가이드,일반 성인,"영양제선택,성분,건강기능식품","근거 중심 설명, 복용 주의점 포함",119,pending,
hb-120,장수 국가 식단 특징,장수율 높은 국가의 식이 패턴 비교,중장년층,"장수국가,식단,블루존","핵심 요약 5개, 실천 팁, 과장 표현 금지",120,pending,
hb-121,수면 부족이 뇌 건강에 미치는 영향,노화와 인지 기능 관점에서 설명,40대 이상,"수면,뇌건강,기억력","생활 습관 팁, 주의사항, 쉬운 예시 포함",121,pending,
hb-122,잠이 건강에 중요한 이유,수면의 신체 회복 기능과 중요성 설명,일반 성인,"수면,건강회복,면역력","핵심 요약 5개, 실천 루틴, 과학적 톤 유지",122,pending,
hb-123,불면증 해결 방법,불면증 원인 분석과 생활 습관 개선법,중장년층,"불면증,수면개선,생활습관","주당 권장 습관, 실천 팁, 주의 표현 포함",123,pending,
hb-124,깊은 잠 자는 방법,수면의 질을 높이는 실천 전략,일반 성인,"깊은수면,수면질,숙면","핵심 요약 5개, 실천 팁, 과장 표현 금지",124,pending,
hb-125,수면과 치매 예방,수면이 뇌 청소와 치매 예방에 미치는 영향,50대 이상,"수면,치매예방,뇌건강","생활 습관 팁, 주의사항, 쉬운 예시 포함",125,pending,
hb-126,낮잠의 건강 효과,짧은 낮잠이 인지력·피로에 미치는 효과,일반 성인,"낮잠,피로회복,인지력","핵심 요약 5개, 실천 루틴, 과학적 톤 유지",126,pending,
hb-127,수면 시간과 수명 관계,적정 수면 시간과 사망률 연구 분석,중장년층,"수면시간,수명,건강","주당 권장 습관, 실천 팁, 주의 표현 포함",127,pending,
hb-128,수면 부족이 면역력에 미치는 영향,수면 부족과 면역 저하의 과학적 근거,일반 성인,"수면부족,면역력,감염","핵심 요약 5개, 실천 팁, 과장 표현 금지",128,pending,
hb-129,스트레스가 건강에 미치는 영향,만성 스트레스가 신체에 유발하는 문제,일반 성인,"스트레스,코르티솔,건강","생활 습관 팁, 주의사항, 쉬운 예시 포함",129,pending,
hb-130,스트레스 관리 방법,일상 속 스트레스 해소 실천 전략,일반 성인,"스트레스관리,마음건강,이완","핵심 요약 5개, 실천 루틴, 과학적 톤 유지",130,pending,
hb-131,명상의 건강 효과,마음챙김 명상의 신체·정신 건강 효과,일반 성인,"명상,마음챙김,스트레스감소","주당 권장 습관, 실천 팁, 주의 표현 포함",131,pending,
hb-132,마음 건강 관리 방법,정신 건강 유지를 위한 일상 실천법,일반 성인,"마음건강,정신건강,자기관리","핵심 요약 5개, 실천 팁, 과장 표현 금지",132,pending,
hb-133,우울증 예방 습관,우울감 예방을 위한 생활 습관 전략,일반 성인,"우울증,예방,생활습관","생활 습관 팁, 주의사항, 쉬운 예시 포함",133,pending,
hb-134,스트레스와 혈압 관계,심리적 스트레스가 혈압에 미치는 영향,50대 이상,"스트레스,혈압,심혈관","핵심 요약 5개, 실천 루틴, 과학적 톤 유지",134,pending,
hb-135,스트레스와 소화 기능,스트레스가 장과 소화에 미치는 영향,일반 성인,"스트레스,소화,장건강","주당 권장 습관, 실천 팁, 주의 표현 포함",135,pending,
hb-136,스트레스와 면역력,만성 스트레스가 면역 기능을 약화시키는 원리,일반 성인,"스트레스,면역력,코르티솔","핵심 요약 5개, 실천 팁, 과장 표현 금지",136,pending,
hb-137,스트레스와 심장 질환,스트레스가 심장 건강에 미치는 위험 분석,중장년층,"스트레스,심장질환,심혈관","생활 습관 팁, 주의사항, 쉬운 예시 포함",137,pending,
hb-138,마음 건강 관리 방법,일상에서 정신 건강을 지키는 구체적 방법,일반 성인,"마음건강,정서조절,웰빙","핵심 요약 5개, 실천 루틴, 과학적 톤 유지",138,pending,
hb-139,긍정적 사고의 힘,낙관적 태도가 건강 수명에 미치는 영향,일반 성인,"긍정사고,낙관,건강수명","주당 권장 습관, 실천 팁, 주의 표현 포함",139,pending,
hb-140,감사 습관 건강 효과,감사 일기가 정신·신체 건강에 미치는 효과,일반 성인,"감사습관,정신건강,행복호르몬","핵심 요약 5개, 실천 팁, 과장 표현 금지",140,pending,
hb-141,스트레스 해소 방법,즉각적인 스트레스 해소를 위한 실천 기술,일반 성인,"스트레스해소,이완기법,호흡","생활 습관 팁, 주의사항, 쉬운 예시 포함",141,pending,
hb-142,자연 속 산책 효과,자연 환경이 심리·신체에 미치는 치유 효과,일반 성인,"자연산책,산림욕,스트레스해소","핵심 요약 5개, 실천 루틴, 과학적 톤 유지",142,pending,
hb-143,취미 활동 건강 효과,취미 생활이 정신·신체 건강에 기여하는 방식,중장년층,"취미활동,정신건강,삶의질","주당 권장 습관, 실천 팁, 주의 표현 포함",143,pending,
hb-144,음악이 건강에 미치는 영향,음악 청취·연주가 뇌·정서에 미치는 효과,일반 성인,"음악,뇌건강,정서안정","핵심 요약 5개, 실천 팁, 과장 표현 금지",144,pending,
hb-145,웃음의 건강 효과,웃음이 면역·통증·스트레스에 미치는 영향,일반 성인,"웃음,면역력,스트레스해소","생활 습관 팁, 주의사항, 쉬운 예시 포함",145,pending,
hb-146,마음 건강 루틴,하루 중 마음 건강을 챙기는 루틴 구성,일반 성인,"마음건강루틴,습관,정신건강","핵심 요약 5개, 실천 루틴, 과학적 톤 유지",146,pending,
hb-147,스트레스 호르몬 코르티솔,코르티솔의 기능과 만성 과다 분비의 위험,일반 성인,"코르티솔,스트레스호르몬,부신","주당 권장 습관, 실천 팁, 주의 표현 포함",147,pending,
hb-148,스트레스와 노화 관계,만성 스트레스가 노화 속도를 앞당기는 원리,40대 이상,"스트레스,노화,텔로미어","핵심 요약 5개, 실천 팁, 과장 표현 금지",148,pending,
hb-149,스트레스 줄이는 습관,일상에서 스트레스를 줄이는 소습관 전략,일반 성인,"스트레스감소,생활습관,이완","생활 습관 팁, 주의사항, 쉬운 예시 포함",149,pending,
hb-150,마음 안정 방법,불안과 긴장을 줄이는 즉각 실천법,일반 성인,"마음안정,불안완화,이완법","핵심 요약 5개, 실천 루틴, 과학적 톤 유지",150,pending,
hb-151,불면증 생활 습관,불면증 개선을 위한 수면 위생 전략,중장년층,"불면증,수면위생,생활습관","주당 권장 습관, 실천 팁, 주의 표현 포함",151,pending,
hb-152,숙면 환경 만드는 방법,수면 환경 최적화를 위한 실내 조성 가이드,일반 성인,"숙면환경,수면환경,조명온도","핵심 요약 5개, 실천 팁, 과장 표현 금지",152,pending,
hb-153,스마트폰과 수면,블루라이트와 야간 스마트폰 사용의 수면 영향,일반 성인,"스마트폰,블루라이트,수면방해","생활 습관 팁, 주의사항, 쉬운 예시 포함",153,pending,
hb-154,카페인과 수면,카페인 섭취 시간과 수면 질의 관계 분석,일반 성인,"카페인,커피,수면방해","핵심 요약 5개, 실천 루틴, 과학적 톤 유지",154,pending,
hb-155,수면 리듬 유지 방법,생체 시계와 수면 리듬 유지 전략,일반 성인,"수면리듬,생체시계,일관성","주당 권장 습관, 실천 팁, 주의 표현 포함",155,pending,
hb-156,밤에 먹으면 안 되는 음식,야식이 수면과 신진대사에 미치는 영향,일반 성인,"야식,수면방해,소화","핵심 요약 5개, 실천 팁, 과장 표현 금지",156,pending,
hb-157,아침 햇빛과 수면,아침 햇빛 노출이 수면 호르몬에 미치는 효과,일반 성인,"아침햇빛,멜라토닌,수면리듬","생활 습관 팁, 주의사항, 쉬운 예시 포함",157,pending,
hb-158,운동과 수면 관계,규칙적 운동이 수면의 깊이와 질에 미치는 영향,일반 성인,"운동,수면질,숙면","핵심 요약 5개, 실천 루틴, 과학적 톤 유지",158,pending,
hb-159,수면과 기억력,수면 중 기억 공고화 과정과 인지력 관계,40대 이상,"수면,기억력,뇌건강","주당 권장 습관, 실천 팁, 주의 표현 포함",159,pending,
hb-160,수면과 면역력,충분한 수면이 면역 세포 기능에 미치는 영향,일반 성인,"수면,면역력,백혈구","핵심 요약 5개, 실천 팁, 과장 표현 금지",160,pending,
hb-161,수면과 체중,수면 부족이 식욕 호르몬과 체중에 미치는 영향,일반 성인,"수면,체중,식욕호르몬","생활 습관 팁, 주의사항, 쉬운 예시 포함",161,pending,
hb-162,수면 부족 위험,만성 수면 부족이 초래하는 건강 위험 분석,일반 성인,"수면부족,만성질환,건강위험","핵심 요약 5개, 실천 루틴, 과학적 톤 유지",162,pending,
hb-163,수면 개선 습관,수면의 질을 높이는 생활 습관 전략,일반 성인,"수면개선,습관,숙면","주당 권장 습관, 실천 팁, 주의 표현 포함",163,pending,
hb-164,숙면 루틴,잠들기 전 실천하는 수면 준비 루틴 안내,일반 성인,"숙면루틴,수면준비,이완","핵심 요약 5개, 실천 팁, 과장 표현 금지",164,pending,
hb-165,노년기 수면 변화,고령화에 따른 수면 패턴 변화와 대처법,60대 이상,"노년수면,수면변화,고령자","생활 습관 팁, 주의사항, 쉬운 예시 포함",165,pending,
hb-166,노년기 불면증 원인,고령자 불면증의 주요 원인과 개선 전략,60대 이상,"노년불면증,원인,수면장애","핵심 요약 5개, 실천 루틴, 과학적 톤 유지",166,pending,
hb-167,수면 보조 방법,약물 의존 없이 수면을 돕는 자연적 방법,일반 성인,"수면보조,멜라토닌,자연요법","주당 권장 습관, 실천 팁, 주의 표현 포함",167,pending,
hb-168,마음 건강 체크 방법,정신 건강 상태를 스스로 점검하는 방법,일반 성인,"마음건강체크,자가진단,정신건강","핵심 요약 5개, 실천 팁, 과장 표현 금지",168,pending,
hb-169,스트레스 자가 진단,일상 속 스트레스 수준을 스스로 평가하는 법,일반 성인,"스트레스자가진단,스트레스수준,평가","생활 습관 팁, 주의사항, 쉬운 예시 포함",169,pending,
hb-170,감정 관리 방법,부정적 감정을 건강하게 처리하는 전략,일반 성인,"감정관리,정서조절,마음건강","핵심 요약 5개, 실천 루틴, 과학적 톤 유지",170,pending,
hb-171,마음 건강 음식,정신 건강에 긍정적 영향을 주는 식품 분석,일반 성인,"마음건강음식,세로토닌,식단","주당 권장 습관, 실천 팁, 주의 표현 포함",171,pending,
hb-172,스트레스 예방 습관,스트레스 발생을 미리 차단하는 생활 전략,일반 성인,"스트레스예방,생활습관,회복력","핵심 요약 5개, 실천 팁, 과장 표현 금지",172,pending,
hb-173,정신 건강 관리,일상에서 실천하는 정신 건강 유지 전략,일반 성인,"정신건강,자기관리,웰빙","생활 습관 팁, 주의사항, 쉬운 예시 포함",173,pending,
hb-174,마음 안정 호흡법,호흡 조절로 불안과 긴장을 낮추는 방법,일반 성인,"호흡법,마음안정,이완반응","핵심 요약 5개, 실천 루틴, 과학적 톤 유지",174,pending,
hb-175,스트레스 해소 운동,스트레스 호르몬을 줄이는 운동 종류와 방법,일반 성인,"스트레스해소,운동,엔도르핀","주당 권장 습관, 실천 팁, 주의 표현 포함",175,pending,
hb-176,심리 안정 방법,심리적 안정감을 높이는 생활 속 실천법,일반 성인,"심리안정,안정감,마음건강","핵심 요약 5개, 실천 팁, 과장 표현 금지",176,pending,
hb-177,행복 호르몬 세로토닌,세로토닌 분비를 늘리는 생활 습관 분석,일반 성인,"세로토닌,행복호르몬,정신건강","생활 습관 팁, 주의사항, 쉬운 예시 포함",177,pending,
hb-178,마음 건강 루틴 만들기,지속 가능한 정신 건강 루틴 설계 방법,일반 성인,"마음건강루틴,정신건강,습관","핵심 요약 5개, 실천 루틴, 과학적 톤 유지",178,pending,
hb-179,장수와 정신 건강 관계,정신 건강이 수명과 노화에 미치는 영향,중장년층,"장수,정신건강,수명","주당 권장 습관, 실천 팁, 주의 표현 포함",179,pending,
hb-180,마음 건강 사례,정신 건강 관리를 통한 삶의 변화 사례,일반 성인,"마음건강사례,정신건강,회복","핵심 요약 5개, 실천 팁, 과장 표현 금지",180,pending,
hb-181,걷기 운동이 심혈관 건강에 좋은 이유,걷기와 심장·혈관 건강의 과학적 근거,중장년층,"걷기,심혈관,혈압","생활 습관 팁, 주의사항, 쉬운 예시 포함",181,pending,
hb-182,고혈압 전단계 관리 방법,고혈압 전단계 조기 개입과 생활 습관 개선,50대 이상,"고혈압전단계,혈압관리,생활습관","핵심 요약 5개, 실천 루틴, 과학적 톤 유지",182,pending,
hb-183,당뇨 초기 관리 방법,당뇨 초기 단계 식이·운동 관리 전략,50대 이상,"당뇨초기,혈당관리,생활습관","주당 권장 습관, 실천 팁, 주의 표현 포함",183,pending,
hb-184,콜레스테롤 관리 방법,LDL·HDL 수치 관리를 위한 종합 전략,중장년층,"콜레스테롤,LDL,HDL","핵심 요약 5개, 실천 팁, 과장 표현 금지",184,pending,
hb-185,심장 건강 관리 방법,심장 질환 예방을 위한 종합 생활 전략,50대 이상,"심장건강,심혈관,예방","생활 습관 팁, 주의사항, 쉬운 예시 포함",185,pending,
hb-186,뇌졸중 예방 방법,뇌졸중 위험 요인 관리와 예방 전략,50대 이상,"뇌졸중예방,혈압,혈전","핵심 요약 5개, 실천 루틴, 과학적 톤 유지",186,pending,
hb-187,치매 예방 생활 습관,인지 기능 저하를 막는 일상 습관 전략,50대 이상,"치매예방,인지기능,생활습관","주당 권장 습관, 실천 팁, 주의 표현 포함",187,pending,
hb-188,암 예방 생활 습관,주요 암을 예방하는 식이·운동 생활 전략,일반 성인,"암예방,생활습관,항산화","핵심 요약 5개, 실천 팁, 과장 표현 금지",188,pending,
hb-189,면역력 높이는 방법,면역 체계를 강화하는 종합 생활 전략,일반 성인,"면역력,면역강화,생활습관","생활 습관 팁, 주의사항, 쉬운 예시 포함",189,pending,
hb-190,장 건강과 면역 관계,장내 마이크로바이옴과 면역력의 연결 관점,일반 성인,"장건강,면역,마이크로바이옴","핵심 요약 5개, 실천 루틴, 과학적 톤 유지",190,pending,
hb-191,예방 접종 중요성,성인·고령자 예방 접종의 건강 보호 효과,60대 이상,"예방접종,백신,면역","주당 권장 습관, 실천 팁, 주의 표현 포함",191,pending,
hb-192,독감 예방 방법,인플루엔자 예방을 위한 생활 습관과 접종,중장년층,"독감예방,인플루엔자,면역","핵심 요약 5개, 실천 팁, 과장 표현 금지",192,pending,
hb-193,폐렴 예방 방법,폐렴 고위험군을 위한 예방 전략 안내,60대 이상,"폐렴예방,호흡기,접종","생활 습관 팁, 주의사항, 쉬운 예시 포함",193,pending,
hb-194,심장병 예방 방법,심장병 위험 요인 제거와 예방 전략,50대 이상,"심장병예방,콜레스테롤,혈압","핵심 요약 5개, 실천 루틴, 과학적 톤 유지",194,pending,
hb-195,고지혈증 관리,고지혈증 식이·운동·약물 관리 종합 가이드,50대 이상,"고지혈증,콜레스테롤,중성지방","주당 권장 습관, 실천 팁, 주의 표현 포함",195,pending,
hb-196,혈압 관리 습관,일상에서 혈압을 안정적으로 유지하는 전략,50대 이상,"혈압관리,생활습관,저나트륨","핵심 요약 5개, 실천 팁, 과장 표현 금지",196,pending,
hb-197,혈당 관리 습관,혈당 안정을 위한 일상 생활 습관 전략,50대 이상,"혈당관리,인슐린,생활습관","생활 습관 팁, 주의사항, 쉬운 예시 포함",197,pending,
hb-198,대사증후군 예방,복부비만·혈압·혈당 복합 위험 예방 전략,중장년층,"대사증후군,복부비만,예방","핵심 요약 5개, 실천 루틴, 과학적 톤 유지",198,pending,
hb-199,건강검진 중요성,정기 건강검진이 조기 발견에 기여하는 이유,40대 이상,"건강검진,조기발견,예방","주당 권장 습관, 실천 팁, 주의 표현 포함",199,pending,
hb-200,정기 검진 체크리스트,연령별 권장 건강검진 항목과 주기 안내,50대 이상,"정기검진,체크리스트,검진항목","핵심 요약 5개, 실천 팁, 과장 표현 금지",200,pending,
hb-301,노화를 늦추는 생활 습관,노화 속도를 조절하는 일상 습관 종합 분석,중장년층,"노화지연,생활습관,항노화","생활 습관 팁, 주의사항, 쉬운 예시 포함",201,pending,
hb-302,장수하는 사람들의 공통점,장수인들의 생활·식이·심리 공통 패턴 분석,중장년층,"장수,공통점,생활습관","핵심 요약 5개, 실천 루틴, 과학적 톤 유지",202,pending,
hb-303,건강하게 늙는 방법,건강한 고령화를 위한 전략적 생활 설계,50대 이상,"건강노화,고령화,생활전략","주당 권장 습관, 실천 팁, 주의 표현 포함",203,pending,
hb-304,노화를 늦추는 식단,항노화 효과가 있는 식이 패턴 분석,50대 이상,"항노화식단,항산화,장수식품","핵심 요약 5개, 실천 팁, 과장 표현 금지",204,pending,
hb-305,노화를 늦추는 운동,노화 속도를 늦추는 운동 종류와 방법,50대 이상,"항노화운동,유산소,근력","생활 습관 팁, 주의사항, 쉬운 예시 포함",205,pending,
hb-306,장수 마을의 특징,세계 장수 마을의 환경·생활 특성 분석,중장년층,"장수마을,블루존,환경","핵심 요약 5개, 실천 루틴, 과학적 톤 유지",206,pending,
hb-307,블루존 지역 분석,세계 5대 블루존의 생활·식이 패턴 비교,중장년층,"블루존,장수지역,생활패턴","주당 권장 습관, 실천 팁, 주의 표현 포함",207,pending,
hb-308,장수 유전자와 생활습관,유전 요인과 환경 요인이 수명에 미치는 영향,일반 성인,"장수유전자,후성유전,생활습관","핵심 요약 5개, 실천 팁, 과장 표현 금지",208,pending,
hb-309,노년기 건강 관리 방법,고령기 건강 유지를 위한 종합 관리 전략,60대 이상,"노년건강,건강관리,고령기","생활 습관 팁, 주의사항, 쉬운 예시 포함",209,pending,
hb-310,건강한 100세 준비 방법,100세 시대를 건강하게 살기 위한 준비 전략,중장년층,"100세,건강준비,장수","핵심 요약 5개, 실천 루틴, 과학적 톤 유지",210,pending,
hb-311,장수하는 사람들의 하루,장수인들의 하루 일과와 생활 패턴 분석,중장년층,"장수하루,일과,생활패턴","주당 권장 습관, 실천 팁, 주의 표현 포함",211,pending,
hb-312,건강한 노년 준비,건강한 노년기를 위한 중장년기 준비 전략,50대 이상,"노년준비,건강,중장년","핵심 요약 5개, 실천 팁, 과장 표현 금지",212,pending,
hb-313,노년기 목표 설정,고령기에 의미 있는 목표를 갖는 것의 효과,60대 이상,"노년목표,삶의의미,동기","생활 습관 팁, 주의사항, 쉬운 예시 포함",213,pending,
hb-314,사회 활동과 건강,사회적 참여가 건강 수명에 미치는 영향,60대 이상,"사회활동,건강수명,참여","핵심 요약 5개, 실천 루틴, 과학적 톤 유지",214,pending,
hb-315,친구 관계와 건강,우정과 사회적 유대가 건강에 미치는 영향,중장년층,"친구관계,사회적유대,건강","주당 권장 습관, 실천 팁, 주의 표현 포함",215,pending,
hb-316,봉사 활동 건강 효과,타인 돕기가 신체·정신 건강에 미치는 효과,60대 이상,"봉사활동,사회기여,건강효과","핵심 요약 5개, 실천 팁, 과장 표현 금지",216,pending,
hb-317,취미 생활 중요성,노년기 취미 활동이 건강에 기여하는 방식,60대 이상,"취미생활,삶의질,정신건강","생활 습관 팁, 주의사항, 쉬운 예시 포함",217,pending,
hb-318,두뇌 활동 중요성,인지 자극이 뇌 건강 유지에 미치는 효과,50대 이상,"두뇌활동,인지자극,치매예방","핵심 요약 5개, 실천 루틴, 과학적 톤 유지",218,pending,
hb-319,독서가 뇌 건강에 좋은 이유,독서가 인지 기능과 정신 건강에 미치는 영향,일반 성인,"독서,뇌건강,인지기능","주당 권장 습관, 실천 팁, 주의 표현 포함",219,pending,
hb-320,새로운 기술 배우기,새로운 것을 배우는 행위가 뇌에 미치는 효과,중장년층,"새로운기술,학습,뇌가소성","핵심 요약 5개, 실천 팁, 과장 표현 금지",220,pending,
hb-321,두뇌 훈련 방법,인지 능력을 키우는 두뇌 훈련 활동 안내,중장년층,"두뇌훈련,인지능력,기억력","생활 습관 팁, 주의사항, 쉬운 예시 포함",221,pending,
hb-322,기억력 유지 방법,나이에 따른 기억력 저하를 늦추는 전략,50대 이상,"기억력,인지기능,뇌건강","핵심 요약 5개, 실천 루틴, 과학적 톤 유지",222,pending,
hb-323,치매 예방 생활 습관,치매 발생 위험을 줄이는 일상 습관 전략,50대 이상,"치매예방,알츠하이머,생활습관","주당 권장 습관, 실천 팁, 주의 표현 포함",223,pending,
hb-324,뇌 건강 루틴,매일 실천하는 뇌 건강 유지 루틴 구성,40대 이상,"뇌건강루틴,인지기능,일상습관","핵심 요약 5개, 실천 팁, 과장 표현 금지",224,pending,
hb-325,건강한 인간관계,긍정적 인간관계가 건강 수명에 미치는 영향,중장년층,"인간관계,건강수명,사회연결","생활 습관 팁, 주의사항, 쉬운 예시 포함",225,pending,
hb-326,긍정적인 삶의 태도,낙관적 인생관과 건강 수명의 연관성 분석,일반 성인,"긍정태도,낙관주의,건강수명","핵심 요약 5개, 실천 루틴, 과학적 톤 유지",226,pending,
hb-327,감사 습관,감사하는 마음이 건강과 행복에 미치는 효과,일반 성인,"감사습관,행복,정신건강","주당 권장 습관, 실천 팁, 주의 표현 포함",227,pending,
hb-328,삶의 의미 찾기,목적 있는 삶이 건강 수명에 미치는 영향,중장년층,"삶의의미,이카이,건강수명","핵심 요약 5개, 실천 팁, 과장 표현 금지",228,pending,
hb-329,건강한 노후 준비,재정·건강·관계를 통합한 노후 준비 전략,50대 이상,"노후준비,통합전략,건강노화","생활 습관 팁, 주의사항, 쉬운 예시 포함",229,pending,
hb-330,노년기 재정 건강,재정 안정이 노년기 건강에 미치는 영향,50대 이상,"재정건강,노년기,스트레스","핵심 요약 5개, 실천 루틴, 과학적 톤 유지",230,pending,
hb-331,건강한 취미 추천,건강에 이로운 노년기 취미 활동 추천,60대 이상,"건강취미,취미추천,노년활동","주당 권장 습관, 실천 팁, 주의 표현 포함",231,pending,
hb-332,자연과 건강,자연 환경이 신체·정신 건강에 미치는 치유 효과,일반 성인,"자연치유,녹지환경,건강","핵심 요약 5개, 실천 팁, 과장 표현 금지",232,pending,
hb-333,햇빛과 건강,햇빛 노출이 신체와 정신 건강에 미치는 효과,일반 성인,"햇빛,비타민D,기분","생활 습관 팁, 주의사항, 쉬운 예시 포함",233,pending,
hb-334,비타민D와 장수,비타민D 충분한 수준이 수명에 미치는 영향,50대 이상,"비타민D,장수,면역","핵심 요약 5개, 실천 루틴, 과학적 톤 유지",234,pending,
hb-335,노년기 여행의 효과,여행이 노년기 정신·신체 건강에 주는 효과,60대 이상,"노년여행,정신건강,활력","주당 권장 습관, 실천 팁, 주의 표현 포함",235,pending,
hb-336,활동적인 삶,신체·사회·정신 활동을 유지하는 삶의 전략,중장년층,"활동적삶,건강수명,노년활동","핵심 요약 5개, 실천 팁, 과장 표현 금지",236,pending,
hb-337,사회적 관계 중요성,사회적 연결이 건강 수명에 미치는 영향 분석,중장년층,"사회적관계,연결감,건강수명","생활 습관 팁, 주의사항, 쉬운 예시 포함",237,pending,
hb-338,외로움과 건강,사회적 고립과 외로움이 건강에 미치는 위험,60대 이상,"외로움,고립,건강위험","핵심 요약 5개, 실천 루틴, 과학적 톤 유지",238,pending,
hb-339,노년기 정신 건강,고령기 정신 건강 유지를 위한 종합 전략,60대 이상,"노년정신건강,인지기능,정서","주당 권장 습관, 실천 팁, 주의 표현 포함",239,pending,
hb-340,장수 연구 결과,장수 과학 연구의 주요 발견과 시사점 정리,중장년층,"장수연구,과학,수명연장","핵심 요약 5개, 실천 팁, 과장 표현 금지",240,pending,
hb-341,장수 비결 인터뷰 사례,실제 장수인들의 인터뷰를 통한 비결 분석,중장년층,"장수비결,인터뷰,사례","생활 습관 팁, 주의사항, 쉬운 예시 포함",241,pending,
hb-342,장수 음식 사례,장수인들이 즐겨 먹는 음식 사례와 분석,중장년층,"장수음식,식이사례,장수식품","핵심 요약 5개, 실천 루틴, 과학적 톤 유지",242,pending,
hb-343,장수 운동 사례,장수인들의 신체 활동 습관과 운동 사례,중장년층,"장수운동,운동사례,신체활동","주당 권장 습관, 실천 팁, 주의 표현 포함",243,pending,
hb-344,장수 생활 사례,장수인들의 생활 전반 습관과 환경 사례,중장년층,"장수생활,사례,생활습관","핵심 요약 5개, 실천 팁, 과장 표현 금지",244,pending,
hb-345,100세 시대 준비,100세 시대를 대비하는 건강·재정·사회 전략,50대 이상,"100세시대,준비,건강전략","생활 습관 팁, 주의사항, 쉬운 예시 포함",245,pending,
hb-346,노년기 건강 체크리스트,고령기에 정기적으로 점검해야 할 건강 항목,60대 이상,"건강체크리스트,노년기,점검","핵심 요약 5개, 실천 루틴, 과학적 톤 유지",246,pending,
hb-347,노년기 건강 루틴,고령기 하루 건강 유지 루틴 설계 방법,60대 이상,"노년건강루틴,하루루틴,건강습관","주당 권장 습관, 실천 팁, 주의 표현 포함",247,pending,
hb-348,건강 목표 설정,실현 가능한 건강 목표를 설정하는 방법,일반 성인,"건강목표,목표설정,실천계획","핵심 요약 5개, 실천 팁, 과장 표현 금지",248,pending,
hb-349,건강 기록 관리,건강 상태를 체계적으로 기록·관리하는 방법,일반 성인,"건강기록,자기관리,건강모니터링","생활 습관 팁, 주의사항, 쉬운 예시 포함",249,pending,
hb-350,건강 일기 쓰기,건강 일기 작성이 건강 관리에 주는 효과,일반 성인,"건강일기,자기관찰,습관기록","핵심 요약 5개, 실천 루틴, 과학적 톤 유지",250,pending,
hb-351,건강 습관 만들기,새로운 건강 습관을 형성하는 심리·행동 전략,일반 성인,"건강습관,습관형성,행동변화","주당 권장 습관, 실천 팁, 주의 표현 포함",251,pending,
hb-352,건강 습관 유지 방법,형성된 건강 습관을 장기적으로 유지하는 전략,일반 성인,"습관유지,동기부여,건강습관","핵심 요약 5개, 실천 팁, 과장 표현 금지",252,pending,
hb-353,건강한 삶의 태도,건강한 노년을 만드는 삶의 태도와 가치관,중장년층,"삶의태도,가치관,건강수명","생활 습관 팁, 주의사항, 쉬운 예시 포함",253,pending,
hb-354,삶의 만족도 높이는 방법,주관적 행복감과 삶의 만족도 향상 전략,일반 성인,"삶의만족도,행복,웰빙","핵심 요약 5개, 실천 루틴, 과학적 톤 유지",254,pending,
hb-355,행복과 건강 관계,행복감이 신체 건강에 미치는 과학적 영향,일반 성인,"행복,건강,긍정심리","주당 권장 습관, 실천 팁, 주의 표현 포함",255,pending,
hb-356,감사와 건강,감사하는 태도가 건강에 미치는 심리·신체 효과,일반 성인,"감사,건강효과,긍정감정","핵심 요약 5개, 실천 팁, 과장 표현 금지",256,pending,
hb-357,웃음과 건강,웃음이 면역력과 스트레스 해소에 미치는 효과,일반 성인,"웃음,면역,스트레스감소","생활 습관 팁, 주의사항, 쉬운 예시 포함",257,pending,
hb-358,인간관계와 장수,사회적 연결망이 수명 연장에 미치는 영향,중장년층,"인간관계,장수,사회연결","핵심 요약 5개, 실천 루틴, 과학적 톤 유지",258,pending,
hb-359,건강한 가족 관계,가족 내 긍정적 유대가 건강에 미치는 효과,중장년층,"가족관계,유대,건강","주당 권장 습관, 실천 팁, 주의 표현 포함",259,pending,
hb-360,건강한 하루 루틴,건강을 중심으로 설계된 하루 일과 구성법,일반 성인,"하루루틴,건강습관,일과","핵심 요약 5개, 실천 팁, 과장 표현 금지",260,pending,
hb-361,건강한 아침 루틴,건강한 하루를 여는 아침 루틴 설계 방법,일반 성인,"아침루틴,건강습관,모닝루틴","생활 습관 팁, 주의사항, 쉬운 예시 포함",261,pending,
hb-362,건강한 저녁 루틴,몸과 마음을 회복시키는 저녁 루틴 구성,일반 성인,"저녁루틴,이완,회복","핵심 요약 5개, 실천 루틴, 과학적 톤 유지",262,pending,
hb-363,건강한 일주일 루틴,운동·식이·수면 균형 잡힌 주간 루틴 설계,일반 성인,"일주일루틴,주간계획,건강균형","주당 권장 습관, 실천 팁, 주의 표현 포함",263,pending,
hb-364,건강한 1년 계획,연간 건강 목표와 실천 계획 수립 방법,일반 성인,"연간건강계획,목표,실천","핵심 요약 5개, 실천 팁, 과장 표현 금지",264,pending,
hb-365,건강한 100세를 위한 인생 전략,평생 건강을 위한 종합 인생 설계 전략,중장년층,"100세건강,인생전략,건강수명","생활 습관 팁, 주의사항, 쉬운 예시 포함",265,pending,
